Workbook

Sheet Проверочные точки
A1: Температура серии, °C | B1: Эталонное давление, кПа | C1: Код давления | D1: Код температуры | E1: Давление: полиномиальная (16 + 9) | F1: Давление: секторная 5 × 11 | G1: Давление: секторная 5 × 5 | H1: |Ошибка| полиномиальная | I1: |Ошибка| секторная 5 × 11 | J1: |Ошибка| секторная 5 × 5
A2: 15 | B2: 10.0027 | C2: 329642 | D2: 941275 | E2: 10.000869 | F2: 10.000578 | G2: 9.9999108 | H2: =ABS(E2-B2) -> 0.0018305565 | I2: =ABS(F2-B2) -> 0.0021224377 | J2: =ABS(G2-B2) -> 0.0027891682
A3: 15 | B3: 20.0033 | C3: 509320 | D3: 941601 | E3: 20.002767 | F3: 20.002333 | G3: 20.001207 | H3: =ABS(E3-B3) -> 0.00053276884 | I3: =ABS(F3-B3) -> 0.00096701978 | J3: =ABS(G3-B3) -> 0.0020929455
A4: 15 | B4: 40.0042 | C4: 868573 | D4: 942234 | E4: 40.004861 | F4: 40.005217 | G4: 40.004062 | H4: =ABS(E4-B4) -> 0.00066079884 | I4: =ABS(F4-B4) -> 0.0010170094 | J4: =ABS(G4-B4) -> 0.00013817709
A5: 15 | B5: 50.0047 | C5: 1048131 | D5: 942545 | E5: 50.004518 | F5: 50.005432 | G5: 50.004708 | H5: =ABS(E5-B5) -> 0.00018177669 | I5: =ABS(F5-B5) -> 0.00073248129 | J5: =ABS(G5-B5) -> 7.9651771e-06
A6: 15 | B6: 70.0035 | C6: 1407120 | D6: 943153 | E6: 70.002611 | F6: 70.002209 | G6: 70.00506 | H6: =ABS(E6-B6) -> 0.00088909086 | I6: =ABS(F6-B6) -> 0.0012908319 | J6: =ABS(G6-B6) -> 0.0015597704
A7: 15 | B7: 80.0037 | C7: 1586590 | D7: 943456 | E7: 80.003292 | F7: 80.002086 | G7: 80.006648 | H7: =ABS(E7-B7) -> 0.00040780081 | I7: =ABS(F7-B7) -> 0.0016140812 | J7: =ABS(G7-B7) -> 0.0029479781
A8: 15 | B8: 100.004 | C8: 1945375 | D8: 944053 | E8: 100.00294 | F8: 100.00218 | G8: 100.00675 | H8: =ABS(E8-B8) -> 0.0010647168 | I8: =ABS(F8-B8) -> 0.0018192341 | J8: =ABS(G8-B8) -> 0.0027451891
A9: 15 | B9: 110.0037 | C9: 2124683 | D9: 944347 | E9: 110.0018 | F9: 110.00194 | G9: 110.0048 | H9: =ABS(E9-B9) -> 0.0019026285 | I9: =ABS(F9-B9) -> 0.0017555732 | J9: =ABS(G9-B9) -> 0.0010980924
A10: 15 | B10: 130.0045 | C10: 2483290 | D10: 944919 | E10: 130.008 | F10: 130.00691 | G10: 130.00633 | H10: =ABS(E10-B10) -> 0.0035034986 | I10: =ABS(F10-B10) -> 0.0024100088 | J10: =ABS(G10-B10) -> 0.0018339233
A11: 15 | B11: 140.005 | C11: 2662442 | D11: 945200 | E11: 140.0072 | F11: 140.00491 | G11: 140.00373 | H11: =ABS(E11-B11) -> 0.0022001043 | I11: =ABS(F11-B11) -> 8.8967077e-05 | J11: =ABS(G11-B11) -> 0.0012736156
A12: 15 | B12: 160.0063 | C12: 3020583 | D12: 945748 | E12: 160.00688 | F12: 160.00504 | G12: 160.00254 | H12: =ABS(E12-B12) -> 0.00057872975 | I12: =ABS(F12-B12) -> 0.0012571221 | J12: =ABS(G12-B12) -> 0.003760913
A13: 15 | B13: 170.0065 | C13: 3199573 | D13: 946017 | E13: 170.0075 | F13: 170.007 | G13: 170.00378 | H13: =ABS(E13-B13) -> 0.00099679295 | I13: =ABS(F13-B13) -> 0.00049603288 | J13: =ABS(G13-B13) -> 0.0027163118
... A225: 28 | B225: 290.0116 | C225: 5214275 | D225: 920343 | E225: 290.01087 | F225: 290.01033 | G225: 290.01343 | H225: =ABS(E225-B225) -> 0.00072744151 | I225: =ABS(F225-B225) -> 0.0012727018 | J225: =ABS(G225-B225) -> 0.0018333587

Sheet Калибровочные точки
A1: Температура серии, °C | B1: Эталонное давление, кПа | C1: Код давления | D1: Код температуры
A2: 15 | B2: 1.0026 | C2: 167971 | D2: 940978
A3: 15 | B3: 30.004 | C3: 688966 | D3: 941918
A4: 15 | B4: 60.0036 | C4: 1227617 | D4: 942845
A5: 15 | B5: 90.0034 | C5: 1766033 | D5: 943757
A6: 15 | B6: 120.0037 | C6: 2303971 | D6: 944636
A7: 15 | B7: 150.0051 | C7: 2841558 | D7: 945478
A8: 15 | B8: 180.0082 | C8: 3378472 | D8: 946282
A9: 15 | B9: 210.0076 | C9: 3914740 | D9: 947053
A10: 15 | B10: 240.0082 | C10: 4450400 | D10: 947785
A11: 15 | B11: 270.0086 | C11: 4985200 | D11: 948483
A12: 15 | B12: 300.0112 | C12: 5519150 | D12: 949142
A13: 18 | B13: 1.0026 | C13: 170802 | D13: 934338
... A56: 28 | B56: 300.0112 | C56: 5387563 | D56: 920550

Sheet Сводка
A1: Температура, °C | B1: Тип | C1: Точек | D1: Макс. |ошибка| полиномиальная | E1: Макс. |ошибка| секторная 5 × 11 | F1: Макс. |ошибка| секторная 5 × 5 | G1: Средняя |ошибка| полиномиальная | H1: Средняя |ошибка| секторная 5 × 11 | I1: Средняя |ошибка| секторная 5 × 5
A2: 15 | B2: калибровочная | C2: =COUNTIF('Проверочные точки'!$A$2:$A$225,A2) -> 20 | D2: =SUMPRODUCT(MAX(('Проверочные точки'!$A$2:$A$225=A2)*'Проверочные точки'!$H$2:$H$225)) -> 0.0037242782 | E2: =SUMPRODUCT(MAX(('Проверочные точки'!$A$2:$A$225=A2)*'Проверочные точки'!$I$2:$I$225)) -> 0.0043549275 | F2: =SUMPRODUCT(MAX(('Проверочные точки'!$A$2:$A$225=A2)*'Проверочные точки'!$J$2:$J$225)) -> 0.0079730387 | G2: =AVERAGEIF('Проверочные точки'!$A$2:$A$225,A2,'Проверочные точки'!$H$2:$H$225) -> 0.0016095495 | H2: =AVERAGEIF('Проверочные точки'!$A$2:$A$225,A2,'Проверочные точки'!$I$2:$I$225) -> 0.001451733 | I2: =AVERAGEIF('Проверочные точки'!$A$2:$A$225,A2,'Проверочные точки'!$J$2:$J$225) -> 0.0023848652
A3: 16.5 | B3: промежуточная | C3: =COUNTIF('Проверочные точки'!$A$2:$A$225,A3) -> 31 | D3: =SUMPRODUCT(MAX(('Проверочные точки'!$A$2:$A$225=A3)*'Проверочные точки'!$H$2:$H$225)) -> 0.0022984442 | E3: =SUMPRODUCT(MAX(('Проверочные точки'!$A$2:$A$225=A3)*'Проверочные точки'!$I$2:$I$225)) -> 0.0038460107 | F3: =SUMPRODUCT(MAX(('Проверочные точки'!$A$2:$A$225=A3)*'Проверочные точки'!$J$2:$J$225)) -> 0.0091388255 | G3: =AVERAGEIF('Проверочные точки'!$A$2:$A$225,A3,'Проверочные точки'!$H$2:$H$225) -> 0.00069439831 | H3: =AVERAGEIF('Проверочные точки'!$A$2:$A$225,A3,'Проверочные точки'!$I$2:$I$225) -> 0.00096085454 | I3: =AVERAGEIF('Проверочные точки'!$A$2:$A$225,A3,'Проверочные точки'!$J$2:$J$225) -> 0.0039033689
A4: 18 | B4: калибровочная | C4: =COUNTIF('Проверочные точки'!$A$2:$A$225,A4) -> 20 | D4: =SUMPRODUCT(MAX(('Проверочные точки'!$A$2:$A$225=A4)*'Проверочные точки'!$H$2:$H$225)) -> 0.0026842464 | E4: =SUMPRODUCT(MAX(('Проверочные точки'!$A$2:$A$225=A4)*'Проверочные точки'!$I$2:$I$225)) -> 0.0024340158 | F4: =SUMPRODUCT(MAX(('Проверочные точки'!$A$2:$A$225=A4)*'Проверочные точки'!$J$2:$J$225)) -> 0.011475575 | G4: =AVERAGEIF('Проверочные точки'!$A$2:$A$225,A4,'Проверочные точки'!$H$2:$H$225) -> 0.00098053405 | H4: =AVERAGEIF('Проверочные точки'!$A$2:$A$225,A4,'Проверочные точки'!$I$2:$I$225) -> 0.0010234478 | I4: =AVERAGEIF('Проверочные точки'!$A$2:$A$225,A4,'Проверочные точки'!$J$2:$J$225) -> 0.0048044883
A5: 19.5 | B5: промежуточная | C5: =COUNTIF('Проверочные точки'!$A$2:$A$225,A5) -> 31 | D5: =SUMPRODUCT(MAX(('Проверочные точки'!$A$2:$A$225=A5)*'Проверочные точки'!$H$2:$H$225)) -> 0.0023527042 | E5: =SUMPRODUCT(MAX(('Проверочные точки'!$A$2:$A$225=A5)*'Проверочные точки'!$I$2:$I$225)) -> 0.0026400514 | F5: =SUMPRODUCT(MAX(('Проверочные точки'!$A$2:$A$225=A5)*'Проверочные точки'!$J$2:$J$225)) -> 0.012614821 | G5: =AVERAGEIF('Проверочные точки'!$A$2:$A$225,A5,'Проверочные точки'!$H$2:$H$225) -> 0.00088418223 | H5: =AVERAGEIF('Проверочные точки'!$A$2:$A$225,A5,'Проверочные точки'!$I$2:$I$225) -> 0.00079480415 | I5: =AVERAGEIF('Проверочные точки'!$A$2:$A$225,A5,'Проверочные точки'!$J$2:$J$225) -> 0.0044105052
A6: 21 | B6: калибровочная | C6: =COUNTIF('Проверочные точки'!$A$2:$A$225,A6) -> 20 | D6: =SUMPRODUCT(MAX(('Проверочные точки'!$A$2:$A$225=A6)*'Проверочные точки'!$H$2:$H$225)) -> 0.0031446654 | E6: =SUMPRODUCT(MAX(('Проверочные точки'!$A$2:$A$225=A6)*'Проверочные точки'!$I$2:$I$225)) -> 0.0029233389 | F6: =SUMPRODUCT(MAX(('Проверочные точки'!$A$2:$A$225=A6)*'Проверочные точки'!$J$2:$J$225)) -> 0.009943804 | G6: =AVERAGEIF('Проверочные точки'!$A$2:$A$225,A6,'Проверочные точки'!$H$2:$H$225) -> 0.0010593019 | H6: =AVERAGEIF('Проверочные точки'!$A$2:$A$225,A6,'Проверочные точки'!$I$2:$I$225) -> 0.00096453286 | I6: =AVERAGEIF('Проверочные точки'!$A$2:$A$225,A6,'Проверочные точки'!$J$2:$J$225) -> 0.0042471975
A7: 22.75 | B7: промежуточная | C7: =COUNTIF('Проверочные точки'!$A$2:$A$225,A7) -> 31 | D7: =SUMPRODUCT(MAX(('Проверочные точки'!$A$2:$A$225=A7)*'Проверочные точки'!$H$2:$H$225)) -> 0.0025406747 | E7: =SUMPRODUCT(MAX(('Проверочные точки'!$A$2:$A$225=A7)*'Проверочные точки'!$I$2:$I$225)) -> 0.0036166156 | F7: =SUMPRODUCT(MAX(('Проверочные точки'!$A$2:$A$225=A7)*'Проверочные точки'!$J$2:$J$225)) -> 0.010101558 | G7: =AVERAGEIF('Проверочные точки'!$A$2:$A$225,A7,'Проверочные точки'!$H$2:$H$225) -> 0.000827659 | H7: =AVERAGEIF('Проверочные точки'!$A$2:$A$225,A7,'Проверочные точки'!$I$2:$I$225) -> 0.00098642162 | I7: =AVERAGEIF('Проверочные точки'!$A$2:$A$225,A7,'Проверочные точки'!$J$2:$J$225) -> 0.0041536304
A8: 24.5 | B8: калибровочная | C8: =COUNTIF('Проверочные точки'!$A$2:$A$225,A8) -> 20 | D8: =SUMPRODUCT(MAX(('Проверочные точки'!$A$2:$A$225=A8)*'Проверочные точки'!$H$2:$H$225)) -> 0.003127716 | E8: =SUMPRODUCT(MAX(('Проверочные точки'!$A$2:$A$225=A8)*'Проверочные точки'!$I$2:$I$225)) -> 0.0041930378 | F8: =SUMPRODUCT(MAX(('Проверочные точки'!$A$2:$A$225=A8)*'Проверочные точки'!$J$2:$J$225)) -> 0.0094950237 | G8: =AVERAGEIF('Проверочные точки'!$A$2:$A$225,A8,'Проверочные точки'!$H$2:$H$225) -> 0.0010743505 | H8: =AVERAGEIF('Проверочные точки'!$A$2:$A$225,A8,'Проверочные точки'!$I$2:$I$225) -> 0.0017192558 | I8: =AVERAGEIF('Проверочные точки'!$A$2:$A$225,A8,'Проверочные точки'!$J$2:$J$225) -> 0.0042702991
A9: 26.25 | B9: промежуточная | C9: =COUNTIF('Проверочные точки'!$A$2:$A$225,A9) -> 31 | D9: =SUMPRODUCT(MAX(('Проверочные точки'!$A$2:$A$225=A9)*'Проверочные точки'!$H$2:$H$225)) -> 0.0030225918 | E9: =SUMPRODUCT(MAX(('Проверочные точки'!$A$2:$A$225=A9)*'Проверочные точки'!$I$2:$I$225)) -> 0.0046389292 | F9: =SUMPRODUCT(MAX(('Проверочные точки'!$A$2:$A$225=A9)*'Проверочные точки'!$J$2:$J$225)) -> 0.010452982 | G9: =AVERAGEIF('Проверочные точки'!$A$2:$A$225,A9,'Проверочные точки'!$H$2:$H$225) -> 0.00088185781 | H9: =AVERAGEIF('Проверочные точки'!$A$2:$A$225,A9,'Проверочные точки'!$I$2:$I$225) -> 0.0012405279 | I9: =AVERAGEIF('Проверочные точки'!$A$2:$A$225,A9,'Проверочные точки'!$J$2:$J$225) -> 0.0041768003
A10: 28 | B10: калибровочная | C10: =COUNTIF('Проверочные точки'!$A$2:$A$225,A10) -> 20 | D10: =SUMPRODUCT(MAX(('Проверочные точки'!$A$2:$A$225=A10)*'Проверочные точки'!$H$2:$H$225)) -> 0.0033315619 | E10: =SUMPRODUCT(MAX(('Проверочные точки'!$A$2:$A$225=A10)*'Проверочные точки'!$I$2:$I$225)) -> 0.0034171603 | F10: =SUMPRODUCT(MAX(('Проверочные точки'!$A$2:$A$225=A10)*'Проверочные точки'!$J$2:$J$225)) -> 0.0096441705 | G10: =AVERAGEIF('Проверочные точки'!$A$2:$A$225,A10,'Проверочные точки'!$H$2:$H$225) -> 0.0011252579 | H10: =AVERAGEIF('Проверочные точки'!$A$2:$A$225,A10,'Проверочные точки'!$I$2:$I$225) -> 0.0011973076 | I10: =AVERAGEIF('Проверочные точки'!$A$2:$A$225,A10,'Проверочные точки'!$J$2:$J$225) -> 0.0032446002
A11: Все | C11: =COUNT('Проверочные точки'!$A$2:$A$225) -> 224 | D11: =MAX('Проверочные точки'!$H$2:$H$225) -> 0.0037242782 | E11: =MAX('Проверочные точки'!$I$2:$I$225) -> 0.0046389292 | F11: =MAX('Проверочные точки'!$J$2:$J$225) -> 0.012614821 | G11: =AVERAGE('Проверочные точки'!$H$2:$H$225) -> 0.00097728078 | H11: =AVERAGE('Проверочные точки'!$I$2:$I$225) -> 0.0011186893 | I11: =AVERAGE('Проверочные точки'!$J$2:$J$225) -> 0.0039955467
A13: Источник: датчик АП 0–300 кПа абс. №00249979 (выборка 13), лист «двухфакторка», сетка 9 температур × 31 давление, исправленная версия файла.
A14: Калибровочные точки (лист «Калибровочные точки», 55 шт.): 5 температур × 11 давлений — по ним строились обе модели.
A15: Проверочные точки (224 шт.): остальные точки той же сетки, модели их не видели. Это реальные измерения, без синтетики.
A16: Столбцы «Давление: …» — расчёт моделей по двум кодам; совпадает с библиотекой Regression 1.3.0 (макс./средняя ошибка в пределах 0,0001).
A17: Столбцы «|Ошибка|» — формулы: модуль разности расчётного и эталонного давления.
A18: Температура — номинальная температура серии (стабильность термостата 0,02 °C).
